Atul,Atul,Atul,Atul,Atul,Atul,Atul,Atul,Atul,Atul,Atul,Atul,Atul,Atul,Atul,Atul,Atul,Atul,Atul,Atul,Atul,Atul,Atul,Atul,Atul,Atul,Atul,Atul,Atul,Atul,Atul,Atul,Atul,Atul,Atul,Atul,Atul,Atul,Atul,Atul,Atul,Atul,Atul,Atul,Atul,Atul,Atul,Atul,Atul,Atul,Atul,Atul,Atul,Atul,Atul,Atul,Atul,Atul,Atul,Atul,Atul,Atul,Atul,Atul,Atul,Atul,Atul,Atul,Atul,Atul,Atul,Atul,Atul,Atul,Atul,Atul,Atul,Atul,Atul,Atul,Atul,Atul,Atul,Atul,Atul,Atul,Atul,Atul,Atul,Atul,Atul,Atul,Atul,Atul,Atul,Atul,Atul,Atul,Atul,Atul
Atul,Atul,Atul,Atul,Atul,Atul,Atul,Atul,Atul,Atul,Atul,Atul,Atul,Atul,Atul,Atul,Atul,Atul,Atul,Atul,Atul,Atul,Atul,Atul,Atul,Atul,Atul,Atul,Atul,Atul,Atul,Atul,Atul,Atul,Atul,Atul,Atul,Atul,Atul,Atul,Atul,Atul,Atul,Atul,Atul,Atul,Atul,Atul,Atul,Atul,Atul,Atul,Atul,Atul,Atul,Atul,Atul,Atul,Atul,Atul,Atul,Atul,Atul,Atul,Atul,Atul,Atul,Atul,Atul,Atul,Atul,Atul,Atul,Atul,Atul,Atul,Atul,Atul,Atul,Atul,Atul,Atul,Atul,Atul,Atul,Atul,Atul,Atul,Atul,Atul,Atul,Atul,Atul,Atul,Atul,Atul,Atul,Atul,Atul,Atul
Atul,Atul,Atul,Atul,Atul,Atul,Atul,Atul,Atul,Atul,Atul,Atul,Atul,Atul,Atul,Atul,Atul,Atul,Atul,Atul,Atul,Atul,Atul,Atul,Atul,Atul,Atul,Atul,Atul,Atul,Atul,Atul,Atul,Atul,Atul,Atul,Atul,Atul,Atul,Atul,Atul,Atul,Atul,Atul,Atul,Atul,Atul,Atul,Atul,Atul,Atul,Atul,Atul,Atul,Atul,Atul,Atul,Atul,Atul,Atul,Atul,Atul,Atul,Atul,Atul,Atul,Atul,Atul,Atul,Atul,Atul,Atul,Atul,Atul,Atul,Atul,Atul,Atul,Atul,Atul,Atul,Atul,Atul,Atul,Atul,Atul,Atul,Atul,Atul,Atul,Atul,Atul,Atul,Atul,Atul,Atul,Atul,Atul,Atul,Atul
Atul,Atul,Atul,Atul,Atul,Atul,Atul,Atul,Atul,Atul,Atul,Atul,Atul,Atul,Atul,Atul,Atul,Atul,Atul,Atul,Atul,Atul,Atul,Atul,Atul,Atul,Atul,Atul,Atul,Atul,Atul,Atul,Atul,Atul,Atul,Atul,Atul,Atul,Atul,Atul,Atul,Atul,Atul,Atul,Atul,Atul,Atul,Atul,Atul,Atul,Atul,Atul,Atul,Atul,Atul,Atul,Atul,Atul,Atul,Atul,Atul,Atul,Atul,Atul,Atul,Atul,Atul,Atul,Atul,Atul,Atul,Atul,Atul,Atul,Atul,Atul,Atul,Atul,Atul,Atul,Atul,Atul,Atul,Atul,Atul,Atul,Atul,Atul,Atul,Atul,Atul,Atul,Atul,Atul,Atul,Atul,Atul,Atul,Atul,Atul
Atul,Atul,Atul,Atul,Atul,Atul,Atul,Atul,Atul,Atul,Atul,Atul,Atul,Atul,Atul,Atul,Atul,Atul,Atul,Atul,Atul,Atul,Atul,Atul,Atul,Atul,Atul,Atul,Atul,Atul,Atul,Atul,Atul,Atul,Atul,Atul,Atul,Atul,Atul,Atul,Atul,Atul,Atul,Atul,Atul,Atul,Atul,Atul,Atul,Atul,Atul,Atul,Atul,Atul,Atul,Atul,Atul,Atul,Atul,Atul,Atul,Atul,Atul,Atul,Atul,Atul,Atul,Atul,Atul,Atul,Atul,Atul,Atul,Atul,Atul,Atul,Atul,Atul,Atul,Atul,Atul,Atul,Atul,Atul,Atul,Atul,Atul,Atul,Atul,Atul,Atul,Atul,Atul,Atul,Atul,Atul,Atul,Atul,Atul,Atul
Atul,Atul,Atul,Atul,Atul,Atul,Atul,Atul,Atul,Atul,Atul,Atul,Atul,Atul,Atul,Atul,Atul,Atul,Atul,Atul,Atul,Atul,Atul,Atul,Atul,Atul,Atul,Atul,Atul,Atul,Atul,Atul,Atul,Atul,Atul,Atul,Atul,Atul,Atul,Atul,Atul,Atul,Atul,Atul,Atul,Atul,Atul,Atul,Atul,Atul,Atul,Atul,Atul,Atul,Atul,Atul,Atul,Atul,Atul,Atul,Atul,Atul,Atul,Atul,Atul,Atul,Atul,Atul,Atul,Atul,Atul,Atul,Atul,Atul,Atul,Atul,Atul,Atul,Atul,Atul,Atul,Atul,Atul,Atul,Atul,Atul,Atul,Atul,Atul,Atul,Atul,Atul,Atul,Atul,Atul,Atul,Atul,Atul,Atul,Atul
Atul,Atul,Atul,Atul,Atul,Atul,Atul,Atul,Atul,Atul,Atul,Atul,Atul,Atul,Atul,Atul,Atul,Atul,Atul,Atul,Atul,Atul,Atul,Atul,Atul,Atul,Atul,Atul,Atul,Atul,Atul,Atul,Atul,Atul,Atul,Atul,Atul,Atul,Atul,Atul,Atul,Atul,Atul,Atul,Atul,Atul,Atul,Atul,Atul,Atul,Atul,Atul,Atul,Atul,Atul,Atul,Atul,Atul,Atul,Atul,Atul,Atul,Atul,Atul,Atul,Atul,Atul,Atul,Atul,Atul,Atul,Atul,Atul,Atul,Atul,Atul,Atul,Atul,Atul,Atul,Atul,Atul,Atul,Atul,Atul,Atul,Atul,Atul,Atul,Atul,Atul,Atul,Atul,Atul,Atul,Atul,Atul,Atul,Atul,Atul
Atul,Atul,Atul,Atul,Atul,Atul,Atul,Atul,Atul,Atul,Atul,Atul,Atul,Atul,Atul,Atul,Atul,Atul,Atul,Atul,Atul,Atul,Atul,Atul,Atul,Atul,Atul,Atul,Atul,Atul,Atul,Atul,Atul,Atul,Atul,Atul,Atul,Atul,Atul,Atul,Atul,Atul,Atul,Atul,Atul,Atul,Atul,Atul,Atul,Atul,Atul,Atul,Atul,Atul,Atul,Atul,Atul,Atul,Atul,Atul,Atul,Atul,Atul,Atul,Atul,Atul,Atul,Atul,Atul,Atul,Atul,Atul,Atul,Atul,Atul,Atul,Atul,Atul,Atul,Atul,Atul,Atul,Atul,Atul,Atul,Atul,Atul,Atul,Atul,Atul,Atul,Atul,Atul,Atul,Atul,Atul,Atul,Atul,Atul,Atul
Atul,Atul,Atul,Atul,Atul,Atul,Atul,Atul,Atul,Atul,Atul,Atul,Atul,Atul,Atul,Atul,Atul,Atul,Atul,Atul,Atul,Atul,Atul,Atul,Atul,Atul,Atul,Atul,Atul,Atul,Atul,Atul,Atul,Atul,Atul,Atul,Atul,Atul,Atul,Atul,Atul,Atul,Atul,Atul,Atul,Atul,Atul,Atul,Atul,Atul,Atul,Atul,Atul,Atul,Atul,Atul,Atul,Atul,Atul,Atul,Atul,Atul,Atul,Atul,Atul,Atul,Atul,Atul,Atul,Atul,Atul,Atul,Atul,Atul,Atul,Atul,Atul,Atul,Atul,Atul,Atul,Atul,Atul,Atul,Atul,Atul,Atul,Atul,Atul,Atul,Atul,Atul,Atul,Atul,Atul,Atul,Atul,Atul,Atul,Atul
Atul,Atul,Atul,Atul,Atul,Atul,Atul,Atul,Atul,Atul,Atul,Atul,Atul,Atul,Atul,Atul,Atul,Atul,Atul,Atul,Atul,Atul,Atul,Atul,Atul,Atul,Atul,Atul,Atul,Atul,Atul,Atul,Atul,Atul,Atul,Atul,Atul,Atul,Atul,Atul,Atul,Atul,Atul,Atul,Atul,Atul,Atul,Atul,Atul,Atul,Atul,Atul,Atul,Atul,Atul,Atul,Atul,Atul,Atul,Atul,Atul,Atul,Atul,Atul,Atul,Atul,Atul,Atul,Atul,Atul,Atul,Atul,Atul,Atul,Atul,Atul,Atul,Atul,Atul,Atul,Atul,Atul,Atul,Atul,Atul,Atul,Atul,Atul,Atul,Atul,Atul,Atul,Atul,Atul,Atul,Atul,Atul,Atul,Atul,Atul
Atul,Atul,Atul,Atul,Atul,Atul,Atul,Atul,Atul,Atul,Atul,Atul,Atul,Atul,Atul,Atul,Atul,Atul,Atul,Atul,Atul,Atul,Atul,Atul,Atul,Atul,Atul,Atul,Atul,Atul,Atul,Atul,Atul,Atul,Atul,Atul,Atul,Atul,Atul,Atul,Atul,Atul,Atul,Atul,Atul,Atul,Atul,Atul,Atul,Atul,Atul,Atul,Atul,Atul,Atul,Atul,Atul,Atul,Atul,Atul,Atul,Atul,Atul,Atul,Atul,Atul,Atul,Atul,Atul,Atul,Atul,Atul,Atul,Atul,Atul,Atul,Atul,Atul,Atul,Atul,Atul,Atul,Atul,Atul,Atul,Atul,Atul,Atul,Atul,Atul,Atul,Atul,Atul,Atul,Atul,Atul,Atul,Atul,Atul,Atul
Atul,Atul,Atul,Atul,Atul,Atul,Atul,Atul,Atul,Atul,Atul,Atul,Atul,Atul,Atul,Atul,Atul,Atul,Atul,Atul,Atul,Atul,Atul,Atul,Atul,Atul,Atul,Atul,Atul,Atul,Atul,Atul,Atul,Atul,Atul,Atul,Atul,Atul,Atul,Atul,Atul,Atul,Atul,Atul,Atul,Atul,Atul,Atul,Atul,Atul,Atul,Atul,Atul,Atul,Atul,Atul,Atul,Atul,Atul,Atul,Atul,Atul,Atul,Atul,Atul,Atul,Atul,Atul,Atul,Atul,Atul,Atul,Atul,Atul,Atul,Atul,Atul,Atul,Atul,Atul,Atul,Atul,Atul,Atul,Atul,Atul,Atul,Atul,Atul,Atul,Atul,Atul,Atul,Atul,Atul,Atul,Atul,Atul,Atul,Atul
Atul,Atul,Atul,Atul,Atul,Atul,Atul,Atul,Atul,Atul,Atul,Atul,Atul,Atul,Atul,Atul,Atul,Atul,Atul,Atul,Atul,Atul,Atul,Atul,Atul,Atul,Atul,Atul,Atul,Atul,Atul,Atul,Atul,Atul,Atul,Atul,Atul,Atul,Atul,Atul,Atul,Atul,Atul,Atul,Atul,Atul,Atul,Atul,Atul,Atul,Atul,Atul,Atul,Atul,Atul,Atul,Atul,Atul,Atul,Atul,Atul,Atul,Atul,Atul,Atul,Atul,Atul,Atul,Atul,Atul,Atul,Atul,Atul,Atul,Atul,Atul,Atul,Atul,Atul,Atul,Atul,Atul,Atul,Atul,Atul,Atul,Atul,Atul,Atul,Atul,Atul,Atul,Atul,Atul,Atul,Atul,Atul,Atul,Atul,Atul
Atul,Atul,Atul,Atul,Atul,Atul,Atul,Atul,Atul,Atul,Atul,Atul,Atul,Atul,Atul,Atul,Atul,Atul,Atul,Atul,Atul,Atul,Atul,Atul,Atul,Atul,Atul,Atul,Atul,Atul,Atul,Atul,Atul,Atul,Atul,Atul,Atul,Atul,Atul,Atul,Atul,Atul,Atul,Atul,Atul,Atul,Atul,Atul,Atul,Atul,Atul,Atul,Atul,Atul,Atul,Atul,Atul,Atul,Atul,Atul,Atul,Atul,Atul,Atul,Atul,Atul,Atul,Atul,Atul,Atul,Atul,Atul,Atul,Atul,Atul,Atul,Atul,Atul,Atul,Atul,Atul,Atul,Atul,Atul,Atul,Atul,Atul,Atul,Atul,Atul,Atul,Atul,Atul,Atul,Atul,Atul,Atul,Atul,Atul,Atul
Atul,Atul,Atul,Atul,Atul,Atul,Atul,Atul,Atul,Atul,Atul,Atul,Atul,Atul,Atul,Atul,Atul,Atul,Atul,Atul,Atul,Atul,Atul,Atul,Atul,Atul,Atul,Atul,Atul,Atul,Atul,Atul,Atul,Atul,Atul,Atul,Atul,Atul,Atul,Atul,Atul,Atul,Atul,Atul,Atul,Atul,Atul,Atul,Atul,Atul,Atul,Atul,Atul,Atul,Atul,Atul,Atul,Atul,Atul,Atul,Atul,Atul,Atul,Atul,Atul,Atul,Atul,Atul,Atul,Atul,Atul,Atul,Atul,Atul,Atul,Atul,Atul,Atul,Atul,Atul,Atul,Atul,Atul,Atul,Atul,Atul,Atul,Atul,Atul,Atul,Atul,Atul,Atul,Atul,Atul,Atul,Atul,Atul,Atul,Atul
Atul,Atul,Atul,Atul,Atul,Atul,Atul,Atul,Atul,Atul,Atul,Atul,Atul,Atul,Atul,Atul,Atul,Atul,Atul,Atul,Atul,Atul,Atul,Atul,Atul,Atul,Atul,Atul,Atul,Atul,Atul,Atul,Atul,Atul,Atul,Atul,Atul,Atul,Atul,Atul,Atul,Atul,Atul,Atul,Atul,Atul,Atul,Atul,Atul,Atul,Atul,Atul,Atul,Atul,Atul,Atul,Atul,Atul,Atul,Atul,Atul,Atul,Atul,Atul,Atul,Atul,Atul,Atul,Atul,Atul,Atul,Atul,Atul,Atul,Atul,Atul,Atul,Atul,Atul,Atul,Atul,Atul,Atul,Atul,Atul,Atul,Atul,Atul,Atul,Atul,Atul,Atul,Atul,Atul,Atul,Atul,Atul,Atul,Atul,Atul
Atul,Atul,Atul,Atul,Atul,Atul,Atul,Atul,Atul,Atul,Atul,Atul,Atul,Atul,Atul,Atul,Atul,Atul,Atul,Atul,Atul,Atul,Atul,Atul,Atul,Atul,Atul,Atul,Atul,Atul,Atul,Atul,Atul,Atul,Atul,Atul,Atul,Atul,Atul,Atul,Atul,Atul,Atul,Atul,Atul,Atul,Atul,Atul,Atul,Atul,Atul,Atul,Atul,Atul,Atul,Atul,Atul,Atul,Atul,Atul,Atul,Atul,Atul,Atul,Atul,Atul,Atul,Atul,Atul,Atul,Atul,Atul,Atul,Atul,Atul,Atul,Atul,Atul,Atul,Atul,Atul,Atul,Atul,Atul,Atul,Atul,Atul,Atul,Atul,Atul,Atul,Atul,Atul,Atul,Atul,Atul,Atul,Atul,Atul,Atul
Atul,Atul,Atul,Atul,Atul,Atul,Atul,Atul,Atul,Atul,Atul,Atul,Atul,Atul,Atul,Atul,Atul,Atul,Atul,Atul,Atul,Atul,Atul,Atul,Atul,Atul,Atul,Atul,Atul,Atul,Atul,Atul,Atul,Atul,Atul,Atul,Atul,Atul,Atul,Atul,Atul,Atul,Atul,Atul,Atul,Atul,Atul,Atul,Atul,Atul,Atul,Atul,Atul,Atul,Atul,Atul,Atul,Atul,Atul,Atul,Atul,Atul,Atul,Atul,Atul,Atul,Atul,Atul,Atul,Atul,Atul,Atul,Atul,Atul,Atul,Atul,Atul,Atul,Atul,Atul,Atul,Atul,Atul,Atul,Atul,Atul,Atul,Atul,Atul,Atul,Atul,Atul,Atul,Atul,Atul,Atul,Atul,Atul,Atul,Atul
Atul,Atul,Atul,Atul,Atul,Atul,Atul,Atul,Atul,Atul,Atul,Atul,Atul,Atul,Atul,Atul,Atul,Atul,Atul,Atul,Atul,Atul,Atul,Atul,Atul,Atul,Atul,Atul,Atul,Atul,Atul,Atul,Atul,Atul,Atul,Atul,Atul,Atul,Atul,Atul,Atul,Atul,Atul,Atul,Atul,Atul,Atul,Atul,Atul,Atul,Atul,Atul,Atul,Atul,Atul,Atul,Atul,Atul,Atul,Atul,Atul,Atul,Atul,Atul,Atul,Atul,Atul,Atul,Atul,Atul,Atul,Atul,Atul,Atul,Atul,Atul,Atul,Atul,Atul,Atul,Atul,Atul,Atul,Atul,Atul,Atul,Atul,Atul,Atul,Atul,Atul,Atul,Atul,Atul,Atul,Atul,Atul,Atul,Atul,Atul
Atul,Atul,Atul,Atul,Atul,Atul,Atul,Atul,Atul,Atul,Atul,Atul,Atul,Atul,Atul,Atul,Atul,Atul,Atul,Atul,Atul,Atul,Atul,Atul,Atul,Atul,Atul,Atul,Atul,Atul,Atul,Atul,Atul,Atul,Atul,Atul,Atul,Atul,Atul,Atul,Atul,Atul,Atul,Atul,Atul,Atul,Atul,Atul,Atul,Atul,Atul,Atul,Atul,Atul,Atul,Atul,Atul,Atul,Atul,Atul,Atul,Atul,Atul,Atul,Atul,Atul,Atul,Atul,Atul,Atul,Atul,Atul,Atul,Atul,Atul,Atul,Atul,Atul,Atul,Atul,Atul,Atul,Atul,Atul,Atul,Atul,Atul,Atul,Atul,Atul,Atul,Atul,Atul,Atul,Atul,Atul,Atul,Atul,Atul,Atul
Atul,Atul,Atul,Atul,Atul,Atul,Atul,Atul,Atul,Atul,Atul,Atul,Atul,Atul,Atul,Atul,Atul,Atul,Atul,Atul,Atul,Atul,Atul,Atul,Atul,Atul,Atul,Atul,Atul,Atul,Atul,Atul,Atul,Atul,Atul,Atul,Atul,Atul,Atul,Atul,Atul,Atul,Atul,Atul,Atul,Atul,Atul,Atul,Atul,Atul,Atul,Atul,Atul,Atul,Atul,Atul,Atul,Atul,Atul,Atul,Atul,Atul,Atul,Atul,Atul,Atul,Atul,Atul,Atul,Atul,Atul,Atul,Atul,Atul,Atul,Atul,Atul,Atul,Atul,Atul,Atul,Atul,Atul,Atul,Atul,Atul,Atul,Atul,Atul,Atul,Atul,Atul,Atul,Atul,Atul,Atul,Atul,Atul,Atul,Atul
Atul,Atul,Atul,Atul,Atul,Atul,Atul,Atul,Atul,Atul,Atul,Atul,Atul,Atul,Atul,Atul,Atul,Atul,Atul,Atul,Atul,Atul,Atul,Atul,Atul,Atul,Atul,Atul,Atul,Atul,Atul,Atul,Atul,Atul,Atul,Atul,Atul,Atul,Atul,Atul,Atul,Atul,Atul,Atul,Atul,Atul,Atul,Atul,Atul,Atul,Atul,Atul,Atul,Atul,Atul,Atul,Atul,Atul,Atul,Atul,Atul,Atul,Atul,Atul,Atul,Atul,Atul,Atul,Atul,Atul,Atul,Atul,Atul,Atul,Atul,Atul,Atul,Atul,Atul,Atul,Atul,Atul,Atul,Atul,Atul,Atul,Atul,Atul,Atul,Atul,Atul,Atul,Atul,Atul,Atul,Atul,Atul,Atul,Atul,Atul
Atul,Atul,Atul,Atul,Atul,Atul,Atul,Atul,Atul,Atul,Atul,Atul,Atul,Atul,Atul,Atul,Atul,Atul,Atul,Atul,Atul,Atul,Atul,Atul,Atul,Atul,Atul,Atul,Atul,Atul,Atul,Atul,Atul,Atul,Atul,Atul,Atul,Atul,Atul,Atul,Atul,Atul,Atul,Atul,Atul,Atul,Atul,Atul,Atul,Atul,Atul,Atul,Atul,Atul,Atul,Atul,Atul,Atul,Atul,Atul,Atul,Atul,Atul,Atul,Atul,Atul,Atul,Atul,Atul,Atul,Atul,Atul,Atul,Atul,Atul,Atul,Atul,Atul,Atul,Atul,Atul,Atul,Atul,Atul,Atul,Atul,Atul,Atul,Atul,Atul,Atul,Atul,Atul,Atul,Atul,Atul,Atul,Atul,Atul,Atul
Atul,Atul,Atul,Atul,Atul,Atul,Atul,Atul,Atul,Atul,Atul,Atul,Atul,Atul,Atul,Atul,Atul,Atul,Atul,Atul,Atul,Atul,Atul,Atul,Atul,Atul,Atul,Atul,Atul,Atul,Atul,Atul,Atul,Atul,Atul,Atul,Atul,Atul,Atul,Atul,Atul,Atul,Atul,Atul,Atul,Atul,Atul,Atul,Atul,Atul,Atul,Atul,Atul,Atul,Atul,Atul,Atul,Atul,Atul,Atul,Atul,Atul,Atul,Atul,Atul,Atul,Atul,Atul,Atul,Atul,Atul,Atul,Atul,Atul,Atul,Atul,Atul,Atul,Atul,Atul,Atul,Atul,Atul,Atul,Atul,Atul,Atul,Atul,Atul,Atul,Atul,Atul,Atul,Atul,Atul,Atul,Atul,Atul,Atul,Atul
Atul,Atul,Atul,Atul,Atul,Atul,Atul,Atul,Atul,Atul,Atul,Atul,Atul,Atul,Atul,Atul,Atul,Atul,Atul,Atul,Atul,Atul,Atul,Atul,Atul,Atul,Atul,Atul,Atul,Atul,Atul,Atul,Atul,Atul,Atul,Atul,Atul,Atul,Atul,Atul,Atul,Atul,Atul,Atul,Atul,Atul,Atul,Atul,Atul,Atul,Atul,Atul,Atul,Atul,Atul,Atul,Atul,Atul,Atul,Atul,Atul,Atul,Atul,Atul,Atul,Atul,Atul,Atul,Atul,Atul,Atul,Atul,Atul,Atul,Atul,Atul,Atul,Atul,Atul,Atul,Atul,Atul,Atul,Atul,Atul,Atul,Atul,Atul,Atul,Atul,Atul,Atul,Atul,Atul,Atul,Atul,Atul,Atul,Atul,Atul
Atul,Atul,Atul,Atul,Atul,Atul,Atul,Atul,Atul,Atul,Atul,Atul,Atul,Atul,Atul,Atul,Atul,Atul,Atul,Atul,Atul,Atul,Atul,Atul,Atul,Atul,Atul,Atul,Atul,Atul,Atul,Atul,Atul,Atul,Atul,Atul,Atul,Atul,Atul,Atul,Atul,Atul,Atul,Atul,Atul,Atul,Atul,Atul,Atul,Atul,Atul,Atul,Atul,Atul,Atul,Atul,Atul,Atul,Atul,Atul,Atul,Atul,Atul,Atul,Atul,Atul,Atul,Atul,Atul,Atul,Atul,Atul,Atul,Atul,Atul,Atul,Atul,Atul,Atul,Atul,Atul,Atul,Atul,Atul,Atul,Atul,Atul,Atul,Atul,Atul,Atul,Atul,Atul,Atul,Atul,Atul,Atul,Atul,Atul,Atul
Atul,Atul,Atul,Atul,Atul,Atul,Atul,Atul,Atul,Atul,Atul,Atul,Atul,Atul,Atul,Atul,Atul,Atul,Atul,Atul,Atul,Atul,Atul,Atul,Atul,Atul,Atul,Atul,Atul,Atul,Atul,Atul,Atul,Atul,Atul,Atul,Atul,Atul,Atul,Atul,Atul,Atul,Atul,Atul,Atul,Atul,Atul,Atul,Atul,Atul,Atul,Atul,Atul,Atul,Atul,Atul,Atul,Atul,Atul,Atul,Atul,Atul,Atul,Atul,Atul,Atul,Atul,Atul,Atul,Atul,Atul,Atul,Atul,Atul,Atul,Atul,Atul,Atul,Atul,Atul,Atul,Atul,Atul,Atul,Atul,Atul,Atul,Atul,Atul,Atul,Atul,Atul,Atul,Atul,Atul,Atul,Atul,Atul,Atul,Atul
Atul,Atul,Atul,Atul,Atul,Atul,Atul,Atul,Atul,Atul,Atul,Atul,Atul,Atul,Atul,Atul,Atul,Atul,Atul,Atul,Atul,Atul,Atul,Atul,Atul,Atul,Atul,Atul,Atul,Atul,Atul,Atul,Atul,Atul,Atul,Atul,Atul,Atul,Atul,Atul,Atul,Atul,Atul,Atul,Atul,Atul,Atul,Atul,Atul,Atul,Atul,Atul,Atul,Atul,Atul,Atul,Atul,Atul,Atul,Atul,Atul,Atul,Atul,Atul,Atul,Atul,Atul,Atul,Atul,Atul,Atul,Atul,Atul,Atul,Atul,Atul,Atul,Atul,Atul,Atul,Atul,Atul,Atul,Atul,Atul,Atul,Atul,Atul,Atul,Atul,Atul,Atul,Atul,Atul,Atul,Atul,Atul,Atul,Atul,Atul
Atul,Atul,Atul,Atul,Atul,Atul,Atul,Atul,Atul,Atul,Atul,Atul,Atul,Atul,Atul,Atul,Atul,Atul,Atul,Atul,Atul,Atul,Atul,Atul,Atul,Atul,Atul,Atul,Atul,Atul,Atul,Atul,Atul,Atul,Atul,Atul,Atul,Atul,Atul,Atul,Atul,Atul,Atul,Atul,Atul,Atul,Atul,Atul,Atul,Atul,Atul,Atul,Atul,Atul,Atul,Atul,Atul,Atul,Atul,Atul,Atul,Atul,Atul,Atul,Atul,Atul,Atul,Atul,Atul,Atul,Atul,Atul,Atul,Atul,Atul,Atul,Atul,Atul,Atul,Atul,Atul,Atul,Atul,Atul,Atul,Atul,Atul,Atul,Atul,Atul,Atul,Atul,Atul,Atul,Atul,Atul,Atul,Atul,Atul,Atul
Atul,Atul,Atul,Atul,Atul,Atul,Atul,Atul,Atul,Atul,Atul,Atul,Atul,Atul,Atul,Atul,Atul,Atul,Atul,Atul,Atul,Atul,Atul,Atul,Atul,Atul,Atul,Atul,Atul,Atul,Atul,Atul,Atul,Atul,Atul,Atul,Atul,Atul,Atul,Atul,Atul,Atul,Atul,Atul,Atul,Atul,Atul,Atul,Atul,Atul,Atul,Atul,Atul,Atul,Atul,Atul,Atul,Atul,Atul,Atul,Atul,Atul,Atul,Atul,Atul,Atul,Atul,Atul,Atul,Atul,Atul,Atul,Atul,Atul,Atul,Atul,Atul,Atul,Atul,Atul,Atul,Atul,Atul,Atul,Atul,Atul,Atul,Atul,Atul,Atul,Atul,Atul,Atul,Atul,Atul,Atul,Atul,Atul,Atul,Atul
Atul,Atul,Atul,Atul,Atul,Atul,Atul,Atul,Atul,Atul,Atul,Atul,Atul,Atul,Atul,Atul,Atul,Atul,Atul,Atul,Atul,Atul,Atul,Atul,Atul,Atul,Atul,Atul,Atul,Atul,Atul,Atul,Atul,Atul,Atul,Atul,Atul,Atul,Atul,Atul,Atul,Atul,Atul,Atul,Atul,Atul,Atul,Atul,Atul,Atul,Atul,Atul,Atul,Atul,Atul,Atul,Atul,Atul,Atul,Atul,Atul,Atul,Atul,Atul,Atul,Atul,Atul,Atul,Atul,Atul,Atul,Atul,Atul,Atul,Atul,Atul,Atul,Atul,Atul,Atul,Atul,Atul,Atul,Atul,Atul,Atul,Atul,Atul,Atul,Atul,Atul,Atul,Atul,Atul,Atul,Atul,Atul,Atul,Atul,Atul
Atul,Atul,Atul,Atul,Atul,Atul,Atul,Atul,Atul,Atul,Atul,Atul,Atul,Atul,Atul,Atul,Atul,Atul,Atul,Atul,Atul,Atul,Atul,Atul,Atul,Atul,Atul,Atul,Atul,Atul,Atul,Atul,Atul,Atul,Atul,Atul,Atul,Atul,Atul,Atul,Atul,Atul,Atul,Atul,Atul,Atul,Atul,Atul,Atul,Atul,Atul,Atul,Atul,Atul,Atul,Atul,Atul,Atul,Atul,Atul,Atul,Atul,Atul,Atul,Atul,Atul,Atul,Atul,Atul,Atul,Atul,Atul,Atul,Atul,Atul,Atul,Atul,Atul,Atul,Atul,Atul,Atul,Atul,Atul,Atul,Atul,Atul,Atul,Atul,Atul,Atul,Atul,Atul,Atul,Atul,Atul,Atul,Atul,Atul,Atul
Atul,Atul,Atul,Atul,Atul,Atul,Atul,Atul,Atul,Atul,Atul,Atul,Atul,Atul,Atul,Atul,Atul,Atul,Atul,Atul,Atul,Atul,Atul,Atul,Atul,Atul,Atul,Atul,Atul,Atul,Atul,Atul,Atul,Atul,Atul,Atul,Atul,Atul,Atul,Atul,Atul,Atul,Atul,Atul,Atul,Atul,Atul,Atul,Atul,Atul,Atul,Atul,Atul,Atul,Atul,Atul,Atul,Atul,Atul,Atul,Atul,Atul,Atul,Atul,Atul,Atul,Atul,Atul,Atul,Atul,Atul,Atul,Atul,Atul,Atul,Atul,Atul,Atul,Atul,Atul,Atul,Atul,Atul,Atul,Atul,Atul,Atul,Atul,Atul,Atul,Atul,Atul,Atul,Atul,Atul,Atul,Atul,Atul,Atul,Atul
Atul,Atul,Atul,Atul,Atul,Atul,Atul,Atul,Atul,Atul,Atul,Atul,Atul,Atul,Atul,Atul,Atul,Atul,Atul,Atul,Atul,Atul,Atul,Atul,Atul,Atul,Atul,Atul,Atul,Atul,Atul,Atul,Atul,Atul,Atul,Atul,Atul,Atul,Atul,Atul,Atul,Atul,Atul,Atul,Atul,Atul,Atul,Atul,Atul,Atul,Atul,Atul,Atul,Atul,Atul,Atul,Atul,Atul,Atul,Atul,Atul,Atul,Atul,Atul,Atul,Atul,Atul,Atul,Atul,Atul,Atul,Atul,Atul,Atul,Atul,Atul,Atul,Atul,Atul,Atul,Atul,Atul,Atul,Atul,Atul,Atul,Atul,Atul,Atul,Atul,Atul,Atul,Atul,Atul,Atul,Atul,Atul,Atul,Atul,Atul
Atul,Atul,Atul,Atul,Atul,Atul,Atul,Atul,Atul,Atul,Atul,Atul,Atul,Atul,Atul,Atul,Atul,Atul,Atul,Atul,Atul,Atul,Atul,Atul,Atul,Atul,Atul,Atul,Atul,Atul,Atul,Atul,Atul,Atul,Atul,Atul,Atul,Atul,Atul,Atul,Atul,Atul,Atul,Atul,Atul,Atul,Atul,Atul,Atul,Atul,Atul,Atul,Atul,Atul,Atul,Atul,Atul,Atul,Atul,Atul,Atul,Atul,Atul,Atul,Atul,Atul,Atul,Atul,Atul,Atul,Atul,Atul,Atul,Atul,Atul,Atul,Atul,Atul,Atul,Atul,Atul,Atul,Atul,Atul,Atul,Atul,Atul,Atul,Atul,Atul,Atul,Atul,Atul,Atul,Atul,Atul,Atul,Atul,Atul,Atul
Atul,Atul,Atul,Atul,Atul,Atul,Atul,Atul,Atul,Atul,Atul,Atul,Atul,Atul,Atul,Atul,Atul,Atul,Atul,Atul,Atul,Atul,Atul,Atul,Atul,Atul,Atul,Atul,Atul,Atul,Atul,Atul,Atul,Atul,Atul,Atul,Atul,Atul,Atul,Atul,Atul,Atul,Atul,Atul,Atul,Atul,Atul,Atul,Atul,Atul,Atul,Atul,Atul,Atul,Atul,Atul,Atul,Atul,Atul,Atul,Atul,Atul,Atul,Atul,Atul,Atul,Atul,Atul,Atul,Atul,Atul,Atul,Atul,Atul,Atul,Atul,Atul,Atul,Atul,Atul,Atul,Atul,Atul,Atul,Atul,Atul,Atul,Atul,Atul,Atul,Atul,Atul,Atul,Atul,Atul,Atul,Atul,Atul,Atul,Atul
Atul,Atul,Atul,Atul,Atul,Atul,Atul,Atul,Atul,Atul,Atul,Atul,Atul,Atul,Atul,Atul,Atul,Atul,Atul,Atul,Atul,Atul,Atul,Atul,Atul,Atul,Atul,Atul,Atul,Atul,Atul,Atul,Atul,Atul,Atul,Atul,Atul,Atul,Atul,Atul,Atul,Atul,Atul,Atul,Atul,Atul,Atul,Atul,Atul,Atul,Atul,Atul,Atul,Atul,Atul,Atul,Atul,Atul,Atul,Atul,Atul,Atul,Atul,Atul,Atul,Atul,Atul,Atul,Atul,Atul,Atul,Atul,Atul,Atul,Atul,Atul,Atul,Atul,Atul,Atul,Atul,Atul,Atul,Atul,Atul,Atul,Atul,Atul,Atul,Atul,Atul,Atul,Atul,Atul,Atul,Atul,Atul,Atul,Atul,Atul
Atul,Atul,Atul,Atul,Atul,Atul,Atul,Atul,Atul,Atul,Atul,Atul,Atul,Atul,Atul,Atul,Atul,Atul,Atul,Atul,Atul,Atul,Atul,Atul,Atul,Atul,Atul,Atul,Atul,Atul,Atul,Atul,Atul,Atul,Atul,Atul,Atul,Atul,Atul,Atul,Atul,Atul,Atul,Atul,Atul,Atul,Atul,Atul,Atul,Atul,Atul,Atul,Atul,Atul,Atul,Atul,Atul,Atul,Atul,Atul,Atul,Atul,Atul,Atul,Atul,Atul,Atul,Atul,Atul,Atul,Atul,Atul,Atul,Atul,Atul,Atul,Atul,Atul,Atul,Atul,Atul,Atul,Atul,Atul,Atul,Atul,Atul,Atul,Atul,Atul,Atul,Atul,Atul,Atul,Atul,Atul,Atul,Atul,Atul,Atul
Atul,Atul,Atul,Atul,Atul,Atul,Atul,Atul,Atul,Atul,Atul,Atul,Atul,Atul,Atul,Atul,Atul,Atul,Atul,Atul,Atul,Atul,Atul,Atul,Atul,Atul,Atul,Atul,Atul,Atul,Atul,Atul,Atul,Atul,Atul,Atul,Atul,Atul,Atul,Atul,Atul,Atul,Atul,Atul,Atul,Atul,Atul,Atul,Atul,Atul,Atul,Atul,Atul,Atul,Atul,Atul,Atul,Atul,Atul,Atul,Atul,Atul,Atul,Atul,Atul,Atul,Atul,Atul,Atul,Atul,Atul,Atul,Atul,Atul,Atul,Atul,Atul,Atul,Atul,Atul,Atul,Atul,Atul,Atul,Atul,Atul,Atul,Atul,Atul,Atul,Atul,Atul,Atul,Atul,Atul,Atul,Atul,Atul,Atul,Atul
Atul,Atul,Atul,Atul,Atul,Atul,Atul,Atul,Atul,Atul,Atul,Atul,Atul,Atul,Atul,Atul,Atul,Atul,Atul,Atul,Atul,Atul,Atul,Atul,Atul,Atul,Atul,Atul,Atul,Atul,Atul,Atul,Atul,Atul,Atul,Atul,Atul,Atul,Atul,Atul,Atul,Atul,Atul,Atul,Atul,Atul,Atul,Atul,Atul,Atul,Atul,Atul,Atul,Atul,Atul,Atul,Atul,Atul,Atul,Atul,Atul,Atul,Atul,Atul,Atul,Atul,Atul,Atul,Atul,Atul,Atul,Atul,Atul,Atul,Atul,Atul,Atul,Atul,Atul,Atul,Atul,Atul,Atul,Atul,Atul,Atul,Atul,Atul,Atul,Atul,Atul,Atul,Atul,Atul,Atul,Atul,Atul,Atul,Atul,Atul
Atul,Atul,Atul,Atul,Atul,Atul,Atul,Atul,Atul,Atul,Atul,Atul,Atul,Atul,Atul,Atul,Atul,Atul,Atul,Atul,Atul,Atul,Atul,Atul,Atul,Atul,Atul,Atul,Atul,Atul,Atul,Atul,Atul,Atul,Atul,Atul,Atul,Atul,Atul,Atul,Atul,Atul,Atul,Atul,Atul,Atul,Atul,Atul,Atul,Atul,Atul,Atul,Atul,Atul,Atul,Atul,Atul,Atul,Atul,Atul,Atul,Atul,Atul,Atul,Atul,Atul,Atul,Atul,Atul,Atul,Atul,Atul,Atul,Atul,Atul,Atul,Atul,Atul,Atul,Atul,Atul,Atul,Atul,Atul,Atul,Atul,Atul,Atul,Atul,Atul,Atul,Atul,Atul,Atul,Atul,Atul,Atul,Atul,Atul,Atul
Atul,Atul,Atul,Atul,Atul,Atul,Atul,Atul,Atul,Atul,Atul,Atul,Atul,Atul,Atul,Atul,Atul,Atul,Atul,Atul,Atul,Atul,Atul,Atul,Atul,Atul,Atul,Atul,Atul,Atul,Atul,Atul,Atul,Atul,Atul,Atul,Atul,Atul,Atul,Atul,Atul,Atul,Atul,Atul,Atul,Atul,Atul,Atul,Atul,Atul,Atul,Atul,Atul,Atul,Atul,Atul,Atul,Atul,Atul,Atul,Atul,Atul,Atul,Atul,Atul,Atul,Atul,Atul,Atul,Atul,Atul,Atul,Atul,Atul,Atul,Atul,Atul,Atul,Atul,Atul,Atul,Atul,Atul,Atul,Atul,Atul,Atul,Atul,Atul,Atul,Atul,Atul,Atul,Atul,Atul,Atul,Atul,Atul,Atul,Atul
Atul,Atul,Atul,Atul,Atul,Atul,Atul,Atul,Atul,Atul,Atul,Atul,Atul,Atul,Atul,Atul,Atul,Atul,Atul,Atul,Atul,Atul,Atul,Atul,Atul,Atul,Atul,Atul,Atul,Atul,Atul,Atul,Atul,Atul,Atul,Atul,Atul,Atul,Atul,Atul,Atul,Atul,Atul,Atul,Atul,Atul,Atul,Atul,Atul,Atul,Atul,Atul,Atul,Atul,Atul,Atul,Atul,Atul,Atul,Atul,Atul,Atul,Atul,Atul,Atul,Atul,Atul,Atul,Atul,Atul,Atul,Atul,Atul,Atul,Atul,Atul,Atul,Atul,Atul,Atul,Atul,Atul,Atul,Atul,Atul,Atul,Atul,Atul,Atul,Atul,Atul,Atul,Atul,Atul,Atul,Atul,Atul,Atul,Atul,Atul
Atul,Atul,Atul,Atul,Atul,Atul,Atul,Atul,Atul,Atul,Atul,Atul,Atul,Atul,Atul,Atul,Atul,Atul,Atul,Atul,Atul,Atul,Atul,Atul,Atul,Atul,Atul,Atul,Atul,Atul,Atul,Atul,Atul,Atul,Atul,Atul,Atul,Atul,Atul,Atul,Atul,Atul,Atul,Atul,Atul,Atul,Atul,Atul,Atul,Atul,Atul,Atul,Atul,Atul,Atul,Atul,Atul,Atul,Atul,Atul,Atul,Atul,Atul,Atul,Atul,Atul,Atul,Atul,Atul,Atul,Atul,Atul,Atul,Atul,Atul,Atul,Atul,Atul,Atul,Atul,Atul,Atul,Atul,Atul,Atul,Atul,Atul,Atul,Atul,Atul,Atul,Atul,Atul,Atul,Atul,Atul,Atul,Atul,Atul,Atul
Atul,Atul,Atul,Atul,Atul,Atul,Atul,Atul,Atul,Atul,Atul,Atul,Atul,Atul,Atul,Atul,Atul,Atul,Atul,Atul,Atul,Atul,Atul,Atul,Atul,Atul,Atul,Atul,Atul,Atul,Atul,Atul,Atul,Atul,Atul,Atul,Atul,Atul,Atul,Atul,Atul,Atul,Atul,Atul,Atul,Atul,Atul,Atul,Atul,Atul,Atul,Atul,Atul,Atul,Atul,Atul,Atul,Atul,Atul,Atul,Atul,Atul,Atul,Atul,Atul,Atul,Atul,Atul,Atul,Atul,Atul,Atul,Atul,Atul,Atul,Atul,Atul,Atul,Atul,Atul,Atul,Atul,Atul,Atul,Atul,Atul,Atul,Atul,Atul,Atul,Atul,Atul,Atul,Atul,Atul,Atul,Atul,Atul,Atul,Atul
Atul,Atul,Atul,Atul,Atul,Atul,Atul,Atul,Atul,Atul,Atul,Atul,Atul,Atul,Atul,Atul,Atul,Atul,Atul,Atul,Atul,Atul,Atul,Atul,Atul,Atul,Atul,Atul,Atul,Atul,Atul,Atul,Atul,Atul,Atul,Atul,Atul,Atul,Atul,Atul,Atul,Atul,Atul,Atul,Atul,Atul,Atul,Atul,Atul,Atul,Atul,Atul,Atul,Atul,Atul,Atul,Atul,Atul,Atul,Atul,Atul,Atul,Atul,Atul,Atul,Atul,Atul,Atul,Atul,Atul,Atul,Atul,Atul,Atul,Atul,Atul,Atul,Atul,Atul,Atul,Atul,Atul,Atul,Atul,Atul,Atul,Atul,Atul,Atul,Atul,Atul,Atul,Atul,Atul,Atul,Atul,Atul,Atul,Atul,Atul
Atul,Atul,Atul,Atul,Atul,Atul,Atul,Atul,Atul,Atul,Atul,Atul,Atul,Atul,Atul,Atul,Atul,Atul,Atul,Atul,Atul,Atul,Atul,Atul,Atul,Atul,Atul,Atul,Atul,Atul,Atul,Atul,Atul,Atul,Atul,Atul,Atul,Atul,Atul,Atul,Atul,Atul,Atul,Atul,Atul,Atul,Atul,Atul,Atul,Atul,Atul,Atul,Atul,Atul,Atul,Atul,Atul,Atul,Atul,Atul,Atul,Atul,Atul,Atul,Atul,Atul,Atul,Atul,Atul,Atul,Atul,Atul,Atul,Atul,Atul,Atul,Atul,Atul,Atul,Atul,Atul,Atul,Atul,Atul,Atul,Atul,Atul,Atul,Atul,Atul,Atul,Atul,Atul,Atul,Atul,Atul,Atul,Atul,Atul,Atul
Atul,Atul,Atul,Atul,Atul,Atul,Atul,Atul,Atul,Atul,Atul,Atul,Atul,Atul,Atul,Atul,Atul,Atul,Atul,Atul,Atul,Atul,Atul,Atul,Atul,Atul,Atul,Atul,Atul,Atul,Atul,Atul,Atul,Atul,Atul,Atul,Atul,Atul,Atul,Atul,Atul,Atul,Atul,Atul,Atul,Atul,Atul,Atul,Atul,Atul,Atul,Atul,Atul,Atul,Atul,Atul,Atul,Atul,Atul,Atul,Atul,Atul,Atul,Atul,Atul,Atul,Atul,Atul,Atul,Atul,Atul,Atul,Atul,Atul,Atul,Atul,Atul,Atul,Atul,Atul,Atul,Atul,Atul,Atul,Atul,Atul,Atul,Atul,Atul,Atul,Atul,Atul,Atul,Atul,Atul,Atul,Atul,Atul,Atul,Atul
Atul,Atul,Atul,Atul,Atul,Atul,Atul,Atul,Atul,Atul,Atul,Atul,Atul,Atul,Atul,Atul,Atul,Atul,Atul,Atul,Atul,Atul,Atul,Atul,Atul,Atul,Atul,Atul,Atul,Atul,Atul,Atul,Atul,Atul,Atul,Atul,Atul,Atul,Atul,Atul,Atul,Atul,Atul,Atul,Atul,Atul,Atul,Atul,Atul,Atul,Atul,Atul,Atul,Atul,Atul,Atul,Atul,Atul,Atul,Atul,Atul,Atul,Atul,Atul,Atul,Atul,Atul,Atul,Atul,Atul,Atul,Atul,Atul,Atul,Atul,Atul,Atul,Atul,Atul,Atul,Atul,Atul,Atul,Atul,Atul,Atul,Atul,Atul,Atul,Atul,Atul,Atul,Atul,Atul,Atul,Atul,Atul,Atul,Atul,Atul
Atul,Atul,Atul,Atul,Atul,Atul,Atul,Atul,Atul,Atul,Atul,Atul,Atul,Atul,Atul,Atul,Atul,Atul,Atul,Atul,Atul,Atul,Atul,Atul,Atul,Atul,Atul,Atul,Atul,Atul,Atul,Atul,Atul,Atul,Atul,Atul,Atul,Atul,Atul,Atul,Atul,Atul,Atul,Atul,Atul,Atul,Atul,Atul,Atul,Atul,Atul,Atul,Atul,Atul,Atul,Atul,Atul,Atul,Atul,Atul,Atul,Atul,Atul,Atul,Atul,Atul,Atul,Atul,Atul,Atul,Atul,Atul,Atul,Atul,Atul,Atul,Atul,Atul,Atul,Atul,Atul,Atul,Atul,Atul,Atul,Atul,Atul,Atul,Atul,Atul,Atul,Atul,Atul,Atul,Atul,Atul,Atul,Atul,Atul,Atul
Atul,Atul,Atul,Atul,Atul,Atul,Atul,Atul,Atul,Atul,Atul,Atul,Atul,Atul,Atul,Atul,Atul,Atul,Atul,Atul,Atul,Atul,Atul,Atul,Atul,Atul,Atul,Atul,Atul,Atul,Atul,Atul,Atul,Atul,Atul,Atul,Atul,Atul,Atul,Atul,Atul,Atul,Atul,Atul,Atul,Atul,Atul,Atul,Atul,Atul,Atul,Atul,Atul,Atul,Atul,Atul,Atul,Atul,Atul,Atul,Atul,Atul,Atul,Atul,Atul,Atul,Atul,Atul,Atul,Atul,Atul,Atul,Atul,Atul,Atul,Atul,Atul,Atul,Atul,Atul,Atul,Atul,Atul,Atul,Atul,Atul,Atul,Atul,Atul,Atul,Atul,Atul,Atul,Atul,Atul,Atul,Atul,Atul,Atul,Atul
Atul,Atul,Atul,Atul,Atul,Atul,Atul,Atul,Atul,Atul,Atul,Atul,Atul,Atul,Atul,Atul,Atul,Atul,Atul,Atul,Atul,Atul,Atul,Atul,Atul,Atul,Atul,Atul,Atul,Atul,Atul,Atul,Atul,Atul,Atul,Atul,Atul,Atul,Atul,Atul,Atul,Atul,Atul,Atul,Atul,Atul,Atul,Atul,Atul,Atul,Atul,Atul,Atul,Atul,Atul,Atul,Atul,Atul,Atul,Atul,Atul,Atul,Atul,Atul,Atul,Atul,Atul,Atul,Atul,Atul,Atul,Atul,Atul,Atul,Atul,Atul,Atul,Atul,Atul,Atul,Atul,Atul,Atul,Atul,Atul,Atul,Atul,Atul,Atul,Atul,Atul,Atul,Atul,Atul,Atul,Atul,Atul,Atul,Atul,Atul
Atul,Atul,Atul,Atul,Atul,Atul,Atul,Atul,Atul,Atul,Atul,Atul,Atul,Atul,Atul,Atul,Atul,Atul,Atul,Atul,Atul,Atul,Atul,Atul,Atul,Atul,Atul,Atul,Atul,Atul,Atul,Atul,Atul,Atul,Atul,Atul,Atul,Atul,Atul,Atul,Atul,Atul,Atul,Atul,Atul,Atul,Atul,Atul,Atul,Atul,Atul,Atul,Atul,Atul,Atul,Atul,Atul,Atul,Atul,Atul,Atul,Atul,Atul,Atul,Atul,Atul,Atul,Atul,Atul,Atul,Atul,Atul,Atul,Atul,Atul,Atul,Atul,Atul,Atul,Atul,Atul,Atul,Atul,Atul,Atul,Atul,Atul,Atul,Atul,Atul,Atul,Atul,Atul,Atul,Atul,Atul,Atul,Atul,Atul,Atul
Atul,Atul,Atul,Atul,Atul,Atul,Atul,Atul,Atul,Atul,Atul,Atul,Atul,Atul,Atul,Atul,Atul,Atul,Atul,Atul,Atul,Atul,Atul,Atul,Atul,Atul,Atul,Atul,Atul,Atul,Atul,Atul,Atul,Atul,Atul,Atul,Atul,Atul,Atul,Atul,Atul,Atul,Atul,Atul,Atul,Atul,Atul,Atul,Atul,Atul,Atul,Atul,Atul,Atul,Atul,Atul,Atul,Atul,Atul,Atul,Atul,Atul,Atul,Atul,Atul,Atul,Atul,Atul,Atul,Atul,Atul,Atul,Atul,Atul,Atul,Atul,Atul,Atul,Atul,Atul,Atul,Atul,Atul,Atul,Atul,Atul,Atul,Atul,Atul,Atul,Atul,Atul,Atul,Atul,Atul,Atul,Atul,Atul,Atul,Atul
Atul,Atul,Atul,Atul,Atul,Atul,Atul,Atul,Atul,Atul,Atul,Atul,Atul,Atul,Atul,Atul,Atul,Atul,Atul,Atul,Atul,Atul,Atul,Atul,Atul,Atul,Atul,Atul,Atul,Atul,Atul,Atul,Atul,Atul,Atul,Atul,Atul,Atul,Atul,Atul,Atul,Atul,Atul,Atul,Atul,Atul,Atul,Atul,Atul,Atul,Atul,Atul,Atul,Atul,Atul,Atul,Atul,Atul,Atul,Atul,Atul,Atul,Atul,Atul,Atul,Atul,Atul,Atul,Atul,Atul,Atul,Atul,Atul,Atul,Atul,Atul,Atul,Atul,Atul,Atul,Atul,Atul,Atul,Atul,Atul,Atul,Atul,Atul,Atul,Atul,Atul,Atul,Atul,Atul,Atul,Atul,Atul,Atul,Atul,Atul
Atul,Atul,Atul,Atul,Atul,Atul,Atul,Atul,Atul,Atul,Atul,Atul,Atul,Atul,Atul,Atul,Atul,Atul,Atul,Atul,Atul,Atul,Atul,Atul,Atul,Atul,Atul,Atul,Atul,Atul,Atul,Atul,Atul,Atul,Atul,Atul,Atul,Atul,Atul,Atul,Atul,Atul,Atul,Atul,Atul,Atul,Atul,Atul,Atul,Atul,Atul,Atul,Atul,Atul,Atul,Atul,Atul,Atul,Atul,Atul,Atul,Atul,Atul,Atul,Atul,Atul,Atul,Atul,Atul,Atul,Atul,Atul,Atul,Atul,Atul,Atul,Atul,Atul,Atul,Atul,Atul,Atul,Atul,Atul,Atul,Atul,Atul,Atul,Atul,Atul,Atul,Atul,Atul,Atul,Atul,Atul,Atul,Atul,Atul,Atul
Atul,Atul,Atul,Atul,Atul,Atul,Atul,Atul,Atul,Atul,Atul,Atul,Atul,Atul,Atul,Atul,Atul,Atul,Atul,Atul,Atul,Atul,Atul,Atul,Atul,Atul,Atul,Atul,Atul,Atul,Atul,Atul,Atul,Atul,Atul,Atul,Atul,Atul,Atul,Atul,Atul,Atul,Atul,Atul,Atul,Atul,Atul,Atul,Atul,Atul,Atul,Atul,Atul,Atul,Atul,Atul,Atul,Atul,Atul,Atul,Atul,Atul,Atul,Atul,Atul,Atul,Atul,Atul,Atul,Atul,Atul,Atul,Atul,Atul,Atul,Atul,Atul,Atul,Atul,Atul,Atul,Atul,Atul,Atul,Atul,Atul,Atul,Atul,Atul,Atul,Atul,Atul,Atul,Atul,Atul,Atul,Atul,Atul,Atul,Atul
Atul,Atul,Atul,Atul,Atul,Atul,Atul,Atul,Atul,Atul,Atul,Atul,Atul,Atul,Atul,Atul,Atul,Atul,Atul,Atul,Atul,Atul,Atul,Atul,Atul,Atul,Atul,Atul,Atul,Atul,Atul,Atul,Atul,Atul,Atul,Atul,Atul,Atul,Atul,Atul,Atul,Atul,Atul,Atul,Atul,Atul,Atul,Atul,Atul,Atul,Atul,Atul,Atul,Atul,Atul,Atul,Atul,Atul,Atul,Atul,Atul,Atul,Atul,Atul,Atul,Atul,Atul,Atul,Atul,Atul,Atul,Atul,Atul,Atul,Atul,Atul,Atul,Atul,Atul,Atul,Atul,Atul,Atul,Atul,Atul,Atul,Atul,Atul,Atul,Atul,Atul,Atul,Atul,Atul,Atul,Atul,Atul,Atul,Atul,Atul
Atul,Atul,Atul,Atul,Atul,Atul,Atul,Atul,Atul,Atul,Atul,Atul,Atul,Atul,Atul,Atul,Atul,Atul,Atul,Atul,Atul,Atul,Atul,Atul,Atul,Atul,Atul,Atul,Atul,Atul,Atul,Atul,Atul,Atul,Atul,Atul,Atul,Atul,Atul,Atul,Atul,Atul,Atul,Atul,Atul,Atul,Atul,Atul,Atul,Atul,Atul,Atul,Atul,Atul,Atul,Atul,Atul,Atul,Atul,Atul,Atul,Atul,Atul,Atul,Atul,Atul,Atul,Atul,Atul,Atul,Atul,Atul,Atul,Atul,Atul,Atul,Atul,Atul,Atul,Atul,Atul,Atul,Atul,Atul,Atul,Atul,Atul,Atul,Atul,Atul,Atul,Atul,Atul,Atul,Atul,Atul,Atul,Atul,Atul,Atul
Atul,Atul,Atul,Atul,Atul,Atul,Atul,Atul,Atul,Atul,Atul,Atul,Atul,Atul,Atul,Atul,Atul,Atul,Atul,Atul,Atul,Atul,Atul,Atul,Atul,Atul,Atul,Atul,Atul,Atul,Atul,Atul,Atul,Atul,Atul,Atul,Atul,Atul,Atul,Atul,Atul,Atul,Atul,Atul,Atul,Atul,Atul,Atul,Atul,Atul,Atul,Atul,Atul,Atul,Atul,Atul,Atul,Atul,Atul,Atul,Atul,Atul,Atul,Atul,Atul,Atul,Atul,Atul,Atul,Atul,Atul,Atul,Atul,Atul,Atul,Atul,Atul,Atul,Atul,Atul,Atul,Atul,Atul,Atul,Atul,Atul,Atul,Atul,Atul,Atul,Atul,Atul,Atul,Atul,Atul,Atul,Atul,Atul,Atul,Atul
Atul,Atul,Atul,Atul,Atul,Atul,Atul,Atul,Atul,Atul,Atul,Atul,Atul,Atul,Atul,Atul,Atul,Atul,Atul,Atul,Atul,Atul,Atul,Atul,Atul,Atul,Atul,Atul,Atul,Atul,Atul,Atul,Atul,Atul,Atul,Atul,Atul,Atul,Atul,Atul,Atul,Atul,Atul,Atul,Atul,Atul,Atul,Atul,Atul,Atul,Atul,Atul,Atul,Atul,Atul,Atul,Atul,Atul,Atul,Atul,Atul,Atul,Atul,Atul,Atul,Atul,Atul,Atul,Atul,Atul,Atul,Atul,Atul,Atul,Atul,Atul,Atul,Atul,Atul,Atul,Atul,Atul,Atul,Atul,Atul,Atul,Atul,Atul,Atul,Atul,Atul,Atul,Atul,Atul,Atul,Atul,Atul,Atul,Atul,Atul
Atul,Atul,Atul,Atul,Atul,Atul,Atul,Atul,Atul,Atul,Atul,Atul,Atul,Atul,Atul,Atul,Atul,Atul,Atul,Atul,Atul,Atul,Atul,Atul,Atul,Atul,Atul,Atul,Atul,Atul,Atul,Atul,Atul,Atul,Atul,Atul,Atul,Atul,Atul,Atul,Atul,Atul,Atul,Atul,Atul,Atul,Atul,Atul,Atul,Atul,Atul,Atul,Atul,Atul,Atul,Atul,Atul,Atul,Atul,Atul,Atul,Atul,Atul,Atul,Atul,Atul,Atul,Atul,Atul,Atul,Atul,Atul,Atul,Atul,Atul,Atul,Atul,Atul,Atul,Atul,Atul,Atul,Atul,Atul,Atul,Atul,Atul,Atul,Atul,Atul,Atul,Atul,Atul,Atul,Atul,Atul,Atul,Atul,Atul,Atul
Atul,Atul,Atul,Atul,Atul,Atul,Atul,Atul,Atul,Atul,Atul,Atul,Atul,Atul,Atul,Atul,Atul,Atul,Atul,Atul,Atul,Atul,Atul,Atul,Atul,Atul,Atul,Atul,Atul,Atul,Atul,Atul,Atul,Atul,Atul,Atul,Atul,Atul,Atul,Atul,Atul,Atul,Atul,Atul,Atul,Atul,Atul,Atul,Atul,Atul,Atul,Atul,Atul,Atul,Atul,Atul,Atul,Atul,Atul,Atul,Atul,Atul,Atul,Atul,Atul,Atul,Atul,Atul,Atul,Atul,Atul,Atul,Atul,Atul,Atul,Atul,Atul,Atul,Atul,Atul,Atul,Atul,Atul,Atul,Atul,Atul,Atul,Atul,Atul,Atul,Atul,Atul,Atul,Atul,Atul,Atul,Atul,Atul,Atul,Atul
Atul,Atul,Atul,Atul,Atul,Atul,Atul,Atul,Atul,Atul,Atul,Atul,Atul,Atul,Atul,Atul,Atul,Atul,Atul,Atul,Atul,Atul,Atul,Atul,Atul,Atul,Atul,Atul,Atul,Atul,Atul,Atul,Atul,Atul,Atul,Atul,Atul,Atul,Atul,Atul,Atul,Atul,Atul,Atul,Atul,Atul,Atul,Atul,Atul,Atul,Atul,Atul,Atul,Atul,Atul,Atul,Atul,Atul,Atul,Atul,Atul,Atul,Atul,Atul,Atul,Atul,Atul,Atul,Atul,Atul,Atul,Atul,Atul,Atul,Atul,Atul,Atul,Atul,Atul,Atul,Atul,Atul,Atul,Atul,Atul,Atul,Atul,Atul,Atul,Atul,Atul,Atul,Atul,Atul,Atul,Atul,Atul,Atul,Atul,Atul
Atul,Atul,Atul,Atul,Atul,Atul,Atul,Atul,Atul,Atul,Atul,Atul,Atul,Atul,Atul,Atul,Atul,Atul,Atul,Atul,Atul,Atul,Atul,Atul,Atul,Atul,Atul,Atul,Atul,Atul,Atul,Atul,Atul,Atul,Atul,Atul,Atul,Atul,Atul,Atul,Atul,Atul,Atul,Atul,Atul,Atul,Atul,Atul,Atul,Atul,Atul,Atul,Atul,Atul,Atul,Atul,Atul,Atul,Atul,Atul,Atul,Atul,Atul,Atul,Atul,Atul,Atul,Atul,Atul,Atul,Atul,Atul,Atul,Atul,Atul,Atul,Atul,Atul,Atul,Atul,Atul,Atul,Atul,Atul,Atul,Atul,Atul,Atul,Atul,Atul,Atul,Atul,Atul,Atul,Atul,Atul,Atul,Atul,Atul,Atul
Atul,Atul,Atul,Atul,Atul,Atul,Atul,Atul,Atul,Atul,Atul,Atul,Atul,Atul,Atul,Atul,Atul,Atul,Atul,Atul,Atul,Atul,Atul,Atul,Atul,Atul,Atul,Atul,Atul,Atul,Atul,Atul,Atul,Atul,Atul,Atul,Atul,Atul,Atul,Atul,Atul,Atul,Atul,Atul,Atul,Atul,Atul,Atul,Atul,Atul,Atul,Atul,Atul,Atul,Atul,Atul,Atul,Atul,Atul,Atul,Atul,Atul,Atul,Atul,Atul,Atul,Atul,Atul,Atul,Atul,Atul,Atul,Atul,Atul,Atul,Atul,Atul,Atul,Atul,Atul,Atul,Atul,Atul,Atul,Atul,Atul,Atul,Atul,Atul,Atul,Atul,Atul,Atul,Atul,Atul,Atul,Atul,Atul,Atul,Atul
Atul,Atul,Atul,Atul,Atul,Atul,Atul,Atul,Atul,Atul,Atul,Atul,Atul,Atul,Atul,Atul,Atul,Atul,Atul,Atul,Atul,Atul,Atul,Atul,Atul,Atul,Atul,Atul,Atul,Atul,Atul,Atul,Atul,Atul,Atul,Atul,Atul,Atul,Atul,Atul,Atul,Atul,Atul,Atul,Atul,Atul,Atul,Atul,Atul,Atul,Atul,Atul,Atul,Atul,Atul,Atul,Atul,Atul,Atul,Atul,Atul,Atul,Atul,Atul,Atul,Atul,Atul,Atul,Atul,Atul,Atul,Atul,Atul,Atul,Atul,Atul,Atul,Atul,Atul,Atul,Atul,Atul,Atul,Atul,Atul,Atul,Atul,Atul,Atul,Atul,Atul,Atul,Atul,Atul,Atul,Atul,Atul,Atul,Atul,Atul
Atul,Atul,Atul,Atul,Atul,Atul,Atul,Atul,Atul,Atul,Atul,Atul,Atul,Atul,Atul,Atul,Atul,Atul,Atul,Atul,Atul,Atul,Atul,Atul,Atul,Atul,Atul,Atul,Atul,Atul,Atul,Atul,Atul,Atul,Atul,Atul,Atul,Atul,Atul,Atul,Atul,Atul,Atul,Atul,Atul,Atul,Atul,Atul,Atul,Atul,Atul,Atul,Atul,Atul,Atul,Atul,Atul,Atul,Atul,Atul,Atul,Atul,Atul,Atul,Atul,Atul,Atul,Atul,Atul,Atul,Atul,Atul,Atul,Atul,Atul,Atul,Atul,Atul,Atul,Atul,Atul,Atul,Atul,Atul,Atul,Atul,Atul,Atul,Atul,Atul,Atul,Atul,Atul,Atul,Atul,Atul,Atul,Atul,Atul,Atul
Atul,Atul,Atul,Atul,Atul,Atul,Atul,Atul,Atul,Atul,Atul,Atul,Atul,Atul,Atul,Atul,Atul,Atul,Atul,Atul,Atul,Atul,Atul,Atul,Atul,Atul,Atul,Atul,Atul,Atul,Atul,Atul,Atul,Atul,Atul,Atul,Atul,Atul,Atul,Atul,Atul,Atul,Atul,Atul,Atul,Atul,Atul,Atul,Atul,Atul,Atul,Atul,Atul,Atul,Atul,Atul,Atul,Atul,Atul,Atul,Atul,Atul,Atul,Atul,Atul,Atul,Atul,Atul,Atul,Atul,Atul,Atul,Atul,Atul,Atul,Atul,Atul,Atul,Atul,Atul,Atul,Atul,Atul,Atul,Atul,Atul,Atul,Atul,Atul,Atul,Atul,Atul,Atul,Atul,Atul,Atul,Atul,Atul,Atul,Atul
Atul,Atul,Atul,Atul,Atul,Atul,Atul,Atul,Atul,Atul,Atul,Atul,Atul,Atul,Atul,Atul,Atul,Atul,Atul,Atul,Atul,Atul,Atul,Atul,Atul,Atul,Atul,Atul,Atul,Atul,Atul,Atul,Atul,Atul,Atul,Atul,Atul,Atul,Atul,Atul,Atul,Atul,Atul,Atul,Atul,Atul,Atul,Atul,Atul,Atul,Atul,Atul,Atul,Atul,Atul,Atul,Atul,Atul,Atul,Atul,Atul,Atul,Atul,Atul,Atul,Atul,Atul,Atul,Atul,Atul,Atul,Atul,Atul,Atul,Atul,Atul,Atul,Atul,Atul,Atul,Atul,Atul,Atul,Atul,Atul,Atul,Atul,Atul,Atul,Atul,Atul,Atul,Atul,Atul,Atul,Atul,Atul,Atul,Atul,Atul
Atul,Atul,Atul,Atul,Atul,Atul,Atul,Atul,Atul,Atul,Atul,Atul,Atul,Atul,Atul,Atul,Atul,Atul,Atul,Atul,Atul,Atul,Atul,Atul,Atul,Atul,Atul,Atul,Atul,Atul,Atul,Atul,Atul,Atul,Atul,Atul,Atul,Atul,Atul,Atul,Atul,Atul,Atul,Atul,Atul,Atul,Atul,Atul,Atul,Atul,Atul,Atul,Atul,Atul,Atul,Atul,Atul,Atul,Atul,Atul,Atul,Atul,Atul,Atul,Atul,Atul,Atul,Atul,Atul,Atul,Atul,Atul,Atul,Atul,Atul,Atul,Atul,Atul,Atul,Atul,Atul,Atul,Atul,Atul,Atul,Atul,Atul,Atul,Atul,Atul,Atul,Atul,Atul,Atul,Atul,Atul,Atul,Atul,Atul,Atul
Atul,Atul,Atul,Atul,Atul,Atul,Atul,Atul,Atul,Atul,Atul,Atul,Atul,Atul,Atul,Atul,Atul,Atul,Atul,Atul,Atul,Atul,Atul,Atul,Atul,Atul,Atul,Atul,Atul,Atul,Atul,Atul,Atul,Atul,Atul,Atul,Atul,Atul,Atul,Atul,Atul,Atul,Atul,Atul,Atul,Atul,Atul,Atul,Atul,Atul,Atul,Atul,Atul,Atul,Atul,Atul,Atul,Atul,Atul,Atul,Atul,Atul,Atul,Atul,Atul,Atul,Atul,Atul,Atul,Atul,Atul,Atul,Atul,Atul,Atul,Atul,Atul,Atul,Atul,Atul,Atul,Atul,Atul,Atul,Atul,Atul,Atul,Atul,Atul,Atul,Atul,Atul,Atul,Atul,Atul,Atul,Atul,Atul,Atul,Atul
Atul,Atul,Atul,Atul,Atul,Atul,Atul,Atul,Atul,Atul,Atul,Atul,Atul,Atul,Atul,Atul,Atul,Atul,Atul,Atul,Atul,Atul,Atul,Atul,Atul,Atul,Atul,Atul,Atul,Atul,Atul,Atul,Atul,Atul,Atul,Atul,Atul,Atul,Atul,Atul,Atul,Atul,Atul,Atul,Atul,Atul,Atul,Atul,Atul,Atul,Atul,Atul,Atul,Atul,Atul,Atul,Atul,Atul,Atul,Atul,Atul,Atul,Atul,Atul,Atul,Atul,Atul,Atul,Atul,Atul,Atul,Atul,Atul,Atul,Atul,Atul,Atul,Atul,Atul,Atul,Atul,Atul,Atul,Atul,Atul,Atul,Atul,Atul,Atul,Atul,Atul,Atul,Atul,Atul,Atul,Atul,Atul,Atul,Atul,Atul
Atul,Atul,Atul,Atul,Atul,Atul,Atul,Atul,Atul,Atul,Atul,Atul,Atul,Atul,Atul,Atul,Atul,Atul,Atul,Atul,Atul,Atul,Atul,Atul,Atul,Atul,Atul,Atul,Atul,Atul,Atul,Atul,Atul,Atul,Atul,Atul,Atul,Atul,Atul,Atul,Atul,Atul,Atul,Atul,Atul,Atul,Atul,Atul,Atul,Atul,Atul,Atul,Atul,Atul,Atul,Atul,Atul,Atul,Atul,Atul,Atul,Atul,Atul,Atul,Atul,Atul,Atul,Atul,Atul,Atul,Atul,Atul,Atul,Atul,Atul,Atul,Atul,Atul,Atul,Atul,Atul,Atul,Atul,Atul,Atul,Atul,Atul,Atul,Atul,Atul,Atul,Atul,Atul,Atul,Atul,Atul,Atul,Atul,Atul,Atul
Atul,Atul,Atul,Atul,Atul,Atul,Atul,Atul,Atul,Atul,Atul,Atul,Atul,Atul,Atul,Atul,Atul,Atul,Atul,Atul,Atul,Atul,Atul,Atul,Atul,Atul,Atul,Atul,Atul,Atul,Atul,Atul,Atul,Atul,Atul,Atul,Atul,Atul,Atul,Atul,Atul,Atul,Atul,Atul,Atul,Atul,Atul,Atul,Atul,Atul,Atul,Atul,Atul,Atul,Atul,Atul,Atul,Atul,Atul,Atul,Atul,Atul,Atul,Atul,Atul,Atul,Atul,Atul,Atul,Atul,Atul,Atul,Atul,Atul,Atul,Atul,Atul,Atul,Atul,Atul,Atul,Atul,Atul,Atul,Atul,Atul,Atul,Atul,Atul,Atul,Atul,Atul,Atul,Atul,Atul,Atul,Atul,Atul,Atul,Atul
Atul,Atul,Atul,Atul,Atul,Atul,Atul,Atul,Atul,Atul,Atul,Atul,Atul,Atul,Atul,Atul,Atul,Atul,Atul,Atul,Atul,Atul,Atul,Atul,Atul,Atul,Atul,Atul,Atul,Atul,Atul,Atul,Atul,Atul,Atul,Atul,Atul,Atul,Atul,Atul,Atul,Atul,Atul,Atul,Atul,Atul,Atul,Atul,Atul,Atul,Atul,Atul,Atul,Atul,Atul,Atul,Atul,Atul,Atul,Atul,Atul,Atul,Atul,Atul,Atul,Atul,Atul,Atul,Atul,Atul,Atul,Atul,Atul,Atul,Atul,Atul,Atul,Atul,Atul,Atul,Atul,Atul,Atul,Atul,Atul,Atul,Atul,Atul,Atul,Atul,Atul,Atul,Atul,Atul,Atul,Atul,Atul,Atul,Atul,Atul
Atul,Atul,Atul,Atul,Atul,Atul,Atul,Atul,Atul,Atul,Atul,Atul,Atul,Atul,Atul,Atul,Atul,Atul,Atul,Atul,Atul,Atul,Atul,Atul,Atul,Atul,Atul,Atul,Atul,Atul,Atul,Atul,Atul,Atul,Atul,Atul,Atul,Atul,Atul,Atul,Atul,Atul,Atul,Atul,Atul,Atul,Atul,Atul,Atul,Atul,Atul,Atul,Atul,Atul,Atul,Atul,Atul,Atul,Atul,Atul,Atul,Atul,Atul,Atul,Atul,Atul,Atul,Atul,Atul,Atul,Atul,Atul,Atul,Atul,Atul,Atul,Atul,Atul,Atul,Atul,Atul,Atul,Atul,Atul,Atul,Atul,Atul,Atul,Atul,Atul,Atul,Atul,Atul,Atul,Atul,Atul,Atul,Atul,Atul,Atul
Atul,Atul,Atul,Atul,Atul,Atul,Atul,Atul,Atul,Atul,Atul,Atul,Atul,Atul,Atul,Atul,Atul,Atul,Atul,Atul,Atul,Atul,Atul,Atul,Atul,Atul,Atul,Atul,Atul,Atul,Atul,Atul,Atul,Atul,Atul,Atul,Atul,Atul,Atul,Atul,Atul,Atul,Atul,Atul,Atul,Atul,Atul,Atul,Atul,Atul,Atul,Atul,Atul,Atul,Atul,Atul,Atul,Atul,Atul,Atul,Atul,Atul,Atul,Atul,Atul,Atul,Atul,Atul,Atul,Atul,Atul,Atul,Atul,Atul,Atul,Atul,Atul,Atul,Atul,Atul,Atul,Atul,Atul,Atul,Atul,Atul,Atul,Atul,Atul,Atul,Atul,Atul,Atul,Atul,Atul,Atul,Atul,Atul,Atul,Atul
Atul,Atul,Atul,Atul,Atul,Atul,Atul,Atul,Atul,Atul,Atul,Atul,Atul,Atul,Atul,Atul,Atul,Atul,Atul,Atul,Atul,Atul,Atul,Atul,Atul,Atul,Atul,Atul,Atul,Atul,Atul,Atul,Atul,Atul,Atul,Atul,Atul,Atul,Atul,Atul,Atul,Atul,Atul,Atul,Atul,Atul,Atul,Atul,Atul,Atul,Atul,Atul,Atul,Atul,Atul,Atul,Atul,Atul,Atul,Atul,Atul,Atul,Atul,Atul,Atul,Atul,Atul,Atul,Atul,Atul,Atul,Atul,Atul,Atul,Atul,Atul,Atul,Atul,Atul,Atul,Atul,Atul,Atul,Atul,Atul,Atul,Atul,Atul,Atul,Atul,Atul,Atul,Atul,Atul,Atul,Atul,Atul,Atul,Atul,Atul
Atul,Atul,Atul,Atul,Atul,Atul,Atul,Atul,Atul,Atul,Atul,Atul,Atul,Atul,Atul,Atul,Atul,Atul,Atul,Atul,Atul,Atul,Atul,Atul,Atul,Atul,Atul,Atul,Atul,Atul,Atul,Atul,Atul,Atul,Atul,Atul,Atul,Atul,Atul,Atul,Atul,Atul,Atul,Atul,Atul,Atul,Atul,Atul,Atul,Atul,Atul,Atul,Atul,Atul,Atul,Atul,Atul,Atul,Atul,Atul,Atul,Atul,Atul,Atul,Atul,Atul,Atul,Atul,Atul,Atul,Atul,Atul,Atul,Atul,Atul,Atul,Atul,Atul,Atul,Atul,Atul,Atul,Atul,Atul,Atul,Atul,Atul,Atul,Atul,Atul,Atul,Atul,Atul,Atul,Atul,Atul,Atul,Atul,Atul,Atul
Atul,Atul,Atul,Atul,Atul,Atul,Atul,Atul,Atul,Atul,Atul,Atul,Atul,Atul,Atul,Atul,Atul,Atul,Atul,Atul,Atul,Atul,Atul,Atul,Atul,Atul,Atul,Atul,Atul,Atul,Atul,Atul,Atul,Atul,Atul,Atul,Atul,Atul,Atul,Atul,Atul,Atul,Atul,Atul,Atul,Atul,Atul,Atul,Atul,Atul,Atul,Atul,Atul,Atul,Atul,Atul,Atul,Atul,Atul,Atul,Atul,Atul,Atul,Atul,Atul,Atul,Atul,Atul,Atul,Atul,Atul,Atul,Atul,Atul,Atul,Atul,Atul,Atul,Atul,Atul,Atul,Atul,Atul,Atul,Atul,Atul,Atul,Atul,Atul,Atul,Atul,Atul,Atul,Atul,Atul,Atul,Atul,Atul,Atul,Atul
Atul,Atul,Atul,Atul,Atul,Atul,Atul,Atul,Atul,Atul,Atul,Atul,Atul,Atul,Atul,Atul,Atul,Atul,Atul,Atul,Atul,Atul,Atul,Atul,Atul,Atul,Atul,Atul,Atul,Atul,Atul,Atul,Atul,Atul,Atul,Atul,Atul,Atul,Atul,Atul,Atul,Atul,Atul,Atul,Atul,Atul,Atul,Atul,Atul,Atul,Atul,Atul,Atul,Atul,Atul,Atul,Atul,Atul,Atul,Atul,Atul,Atul,Atul,Atul,Atul,Atul,Atul,Atul,Atul,Atul,Atul,Atul,Atul,Atul,Atul,Atul,Atul,Atul,Atul,Atul,Atul,Atul,Atul,Atul,Atul,Atul,Atul,Atul,Atul,Atul,Atul,Atul,Atul,Atul,Atul,Atul,Atul,Atul,Atul,Atul
Atul,Atul,Atul,Atul,Atul,Atul,Atul,Atul,Atul,Atul,Atul,Atul,Atul,Atul,Atul,Atul,Atul,Atul,Atul,Atul,Atul,Atul,Atul,Atul,Atul,Atul,Atul,Atul,Atul,Atul,Atul,Atul,Atul,Atul,Atul,Atul,Atul,Atul,Atul,Atul,Atul,Atul,Atul,Atul,Atul,Atul,Atul,Atul,Atul,Atul,Atul,Atul,Atul,Atul,Atul,Atul,Atul,Atul,Atul,Atul,Atul,Atul,Atul,Atul,Atul,Atul,Atul,Atul,Atul,Atul,Atul,Atul,Atul,Atul,Atul,Atul,Atul,Atul,Atul,Atul,Atul,Atul,Atul,Atul,Atul,Atul,Atul,Atul,Atul,Atul,Atul,Atul,Atul,Atul,Atul,Atul,Atul,Atul,Atul,Atul
Atul,Atul,Atul,Atul,Atul,Atul,Atul,Atul,Atul,Atul,Atul,Atul,Atul,Atul,Atul,Atul,Atul,Atul,Atul,Atul,Atul,Atul,Atul,Atul,Atul,Atul,Atul,Atul,Atul,Atul,Atul,Atul,Atul,Atul,Atul,Atul,Atul,Atul,Atul,Atul,Atul,Atul,Atul,Atul,Atul,Atul,Atul,Atul,Atul,Atul,Atul,Atul,Atul,Atul,Atul,Atul,Atul,Atul,Atul,Atul,Atul,Atul,Atul,Atul,Atul,Atul,Atul,Atul,Atul,Atul,Atul,Atul,Atul,Atul,Atul,Atul,Atul,Atul,Atul,Atul,Atul,Atul,Atul,Atul,Atul,Atul,Atul,Atul,Atul,Atul,Atul,Atul,Atul,Atul,Atul,Atul,Atul,Atul,Atul,Atul
Atul,Atul,Atul,Atul,Atul,Atul,Atul,Atul,Atul,Atul,Atul,Atul,Atul,Atul,Atul,Atul,Atul,Atul,Atul,Atul,Atul,Atul,Atul,Atul,Atul,Atul,Atul,Atul,Atul,Atul,Atul,Atul,Atul,Atul,Atul,Atul,Atul,Atul,Atul,Atul,Atul,Atul,Atul,Atul,Atul,Atul,Atul,Atul,Atul,Atul,Atul,Atul,Atul,Atul,Atul,Atul,Atul,Atul,Atul,Atul,Atul,Atul,Atul,Atul,Atul,Atul,Atul,Atul,Atul,Atul,Atul,Atul,Atul,Atul,Atul,Atul,Atul,Atul,Atul,Atul,Atul,Atul,Atul,Atul,Atul,Atul,Atul,Atul,Atul,Atul,Atul,Atul,Atul,Atul,Atul,Atul,Atul,Atul,Atul,Atul
Atul,Atul,Atul,Atul,Atul,Atul,Atul,Atul,Atul,Atul,Atul,Atul,Atul,Atul,Atul,Atul,Atul,Atul,Atul,Atul,Atul,Atul,Atul,Atul,Atul,Atul,Atul,Atul,Atul,Atul,Atul,Atul,Atul,Atul,Atul,Atul,Atul,Atul,Atul,Atul,Atul,Atul,Atul,Atul,Atul,Atul,Atul,Atul,Atul,Atul,Atul,Atul,Atul,Atul,Atul,Atul,Atul,Atul,Atul,Atul,Atul,Atul,Atul,Atul,Atul,Atul,Atul,Atul,Atul,Atul,Atul,Atul,Atul,Atul,Atul,Atul,Atul,Atul,Atul,Atul,Atul,Atul,Atul,Atul,Atul,Atul,Atul,Atul,Atul,Atul,Atul,Atul,Atul,Atul,Atul,Atul,Atul,Atul,Atul,Atul
Atul,Atul,Atul,Atul,Atul,Atul,Atul,Atul,Atul,Atul,Atul,Atul,Atul,Atul,Atul,Atul,Atul,Atul,Atul,Atul,Atul,Atul,Atul,Atul,Atul,Atul,Atul,Atul,Atul,Atul,Atul,Atul,Atul,Atul,Atul,Atul,Atul,Atul,Atul,Atul,Atul,Atul,Atul,Atul,Atul,Atul,Atul,Atul,Atul,Atul,Atul,Atul,Atul,Atul,Atul,Atul,Atul,Atul,Atul,Atul,Atul,Atul,Atul,Atul,Atul,Atul,Atul,Atul,Atul,Atul,Atul,Atul,Atul,Atul,Atul,Atul,Atul,Atul,Atul,Atul,Atul,Atul,Atul,Atul,Atul,Atul,Atul,Atul,Atul,Atul,Atul,Atul,Atul,Atul,Atul,Atul,Atul,Atul,Atul,Atul
Atul,Atul,Atul,Atul,Atul,Atul,Atul,Atul,Atul,Atul,Atul,Atul,Atul,Atul,Atul,Atul,Atul,Atul,Atul,Atul,Atul,Atul,Atul,Atul,Atul,Atul,Atul,Atul,Atul,Atul,Atul,Atul,Atul,Atul,Atul,Atul,Atul,Atul,Atul,Atul,Atul,Atul,Atul,Atul,Atul,Atul,Atul,Atul,Atul,Atul,Atul,Atul,Atul,Atul,Atul,Atul,Atul,Atul,Atul,Atul,Atul,Atul,Atul,Atul,Atul,Atul,Atul,Atul,Atul,Atul,Atul,Atul,Atul,Atul,Atul,Atul,Atul,Atul,Atul,Atul,Atul,Atul,Atul,Atul,Atul,Atul,Atul,Atul,Atul,Atul,Atul,Atul,Atul,Atul,Atul,Atul,Atul,Atul,Atul,Atul
Atul,Atul,Atul,Atul,Atul,Atul,Atul,Atul,Atul,Atul,Atul,Atul,Atul,Atul,Atul,Atul,Atul,Atul,Atul,Atul,Atul,Atul,Atul,Atul,Atul,Atul,Atul,Atul,Atul,Atul,Atul,Atul,Atul,Atul,Atul,Atul,Atul,Atul,Atul,Atul,Atul,Atul,Atul,Atul,Atul,Atul,Atul,Atul,Atul,Atul,Atul,Atul,Atul,Atul,Atul,Atul,Atul,Atul,Atul,Atul,Atul,Atul,Atul,Atul,Atul,Atul,Atul,Atul,Atul,Atul,Atul,Atul,Atul,Atul,Atul,Atul,Atul,Atul,Atul,Atul,Atul,Atul,Atul,Atul,Atul,Atul,Atul,Atul,Atul,Atul,Atul,Atul,Atul,Atul,Atul,Atul,Atul,Atul,Atul,Atul
Atul,Atul,Atul,Atul,Atul,Atul,Atul,Atul,Atul,Atul,Atul,Atul,Atul,Atul,Atul,Atul,Atul,Atul,Atul,Atul,Atul,Atul,Atul,Atul,Atul,Atul,Atul,Atul,Atul,Atul,Atul,Atul,Atul,Atul,Atul,Atul,Atul,Atul,Atul,Atul,Atul,Atul,Atul,Atul,Atul,Atul,Atul,Atul,Atul,Atul,Atul,Atul,Atul,Atul,Atul,Atul,Atul,Atul,Atul,Atul,Atul,Atul,Atul,Atul,Atul,Atul,Atul,Atul,Atul,Atul,Atul,Atul,Atul,Atul,Atul,Atul,Atul,Atul,Atul,Atul,Atul,Atul,Atul,Atul,Atul,Atul,Atul,Atul,Atul,Atul,Atul,Atul,Atul,Atul,Atul,Atul,Atul,Atul,Atul,Atul
Atul,Atul,Atul,Atul,Atul,Atul,Atul,Atul,Atul,Atul,Atul,Atul,Atul,Atul,Atul,Atul,Atul,Atul,Atul,Atul,Atul,Atul,Atul,Atul,Atul,Atul,Atul,Atul,Atul,Atul,Atul,Atul,Atul,Atul,Atul,Atul,Atul,Atul,Atul,Atul,Atul,Atul,Atul,Atul,Atul,Atul,Atul,Atul,Atul,Atul,Atul,Atul,Atul,Atul,Atul,Atul,Atul,Atul,Atul,Atul,Atul,Atul,Atul,Atul,Atul,Atul,Atul,Atul,Atul,Atul,Atul,Atul,Atul,Atul,Atul,Atul,Atul,Atul,Atul,Atul,Atul,Atul,Atul,Atul,Atul,Atul,Atul,Atul,Atul,Atul,Atul,Atul,Atul,Atul,Atul,Atul,Atul,Atul,Atul,Atul
Atul,Atul,Atul,Atul,Atul,Atul,Atul,Atul,Atul,Atul,Atul,Atul,Atul,Atul,Atul,Atul,Atul,Atul,Atul,Atul,Atul,Atul,Atul,Atul,Atul,Atul,Atul,Atul,Atul,Atul,Atul,Atul,Atul,Atul,Atul,Atul,Atul,Atul,Atul,Atul,Atul,Atul,Atul,Atul,Atul,Atul,Atul,Atul,Atul,Atul,Atul,Atul,Atul,Atul,Atul,Atul,Atul,Atul,Atul,Atul,Atul,Atul,Atul,Atul,Atul,Atul,Atul,Atul,Atul,Atul,Atul,Atul,Atul,Atul,Atul,Atul,Atul,Atul,Atul,Atul,Atul,Atul,Atul,Atul,Atul,Atul,Atul,Atul,Atul,Atul,Atul,Atul,Atul,Atul,Atul,Atul,Atul,Atul,Atul,Atul
Atul,Atul,Atul,Atul,Atul,Atul,Atul,Atul,Atul,Atul,Atul,Atul,Atul,Atul,Atul,Atul,Atul,Atul,Atul,Atul,Atul,Atul,Atul,Atul,Atul,Atul,Atul,Atul,Atul,Atul,Atul,Atul,Atul,Atul,Atul,Atul,Atul,Atul,Atul,Atul,Atul,Atul,Atul,Atul,Atul,Atul,Atul,Atul,Atul,Atul,Atul,Atul,Atul,Atul,Atul,Atul,Atul,Atul,Atul,Atul,Atul,Atul,Atul,Atul,Atul,Atul,Atul,Atul,Atul,Atul,Atul,Atul,Atul,Atul,Atul,Atul,Atul,Atul,Atul,Atul,Atul,Atul,Atul,Atul,Atul,Atul,Atul,Atul,Atul,Atul,Atul,Atul,Atul,Atul,Atul,Atul,Atul,Atul,Atul,Atul
Atul,Atul,Atul,Atul,Atul,Atul,Atul,Atul,Atul,Atul,Atul,Atul,Atul,Atul,Atul,Atul,Atul,Atul,Atul,Atul,Atul,Atul,Atul,Atul,Atul,Atul,Atul,Atul,Atul,Atul,Atul,Atul,Atul,Atul,Atul,Atul,Atul,Atul,Atul,Atul,Atul,Atul,Atul,Atul,Atul,Atul,Atul,Atul,Atul,Atul,Atul,Atul,Atul,Atul,Atul,Atul,Atul,Atul,Atul,Atul,Atul,Atul,Atul,Atul,Atul,Atul,Atul,Atul,Atul,Atul,Atul,Atul,Atul,Atul,Atul,Atul,Atul,Atul,Atul,Atul,Atul,Atul,Atul,Atul,Atul,Atul,Atul,Atul,Atul,Atul,Atul,Atul,Atul,Atul,Atul,Atul,Atul,Atul,Atul,Atul
Atul,Atul,Atul,Atul,Atul,Atul,Atul,Atul,Atul,Atul,Atul,Atul,Atul,Atul,Atul,Atul,Atul,Atul,Atul,Atul,Atul,Atul,Atul,Atul,Atul,Atul,Atul,Atul,Atul,Atul,Atul,Atul,Atul,Atul,Atul,Atul,Atul,Atul,Atul,Atul,Atul,Atul,Atul,Atul,Atul,Atul,Atul,Atul,Atul,Atul,Atul,Atul,Atul,Atul,Atul,Atul,Atul,Atul,Atul,Atul,Atul,Atul,Atul,Atul,Atul,Atul,Atul,Atul,Atul,Atul,Atul,Atul,Atul,Atul,Atul,Atul,Atul,Atul,Atul,Atul,Atul,Atul,Atul,Atul,Atul,Atul,Atul,Atul,Atul,Atul,Atul,Atul,Atul,Atul,Atul,Atul,Atul,Atul,Atul,Atul
Atul,Atul,Atul,Atul,Atul,Atul,Atul,Atul,Atul,Atul,Atul,Atul,Atul,Atul,Atul,Atul,Atul,Atul,Atul,Atul,Atul,Atul,Atul,Atul,Atul,Atul,Atul,Atul,Atul,Atul,Atul,Atul,Atul,Atul,Atul,Atul,Atul,Atul,Atul,Atul,Atul,Atul,Atul,Atul,Atul,Atul,Atul,Atul,Atul,Atul,Atul,Atul,Atul,Atul,Atul,Atul,Atul,Atul,Atul,Atul,Atul,Atul,Atul,Atul,Atul,Atul,Atul,Atul,Atul,Atul,Atul,Atul,Atul,Atul,Atul,Atul,Atul,Atul,Atul,Atul,Atul,Atul,Atul,Atul,Atul,Atul,Atul,Atul,Atul,Atul,Atul,Atul,Atul,Atul,Atul,Atul,Atul,Atul,Atul,Atul
Atul,Atul,Atul,Atul,Atul,Atul,Atul,Atul,Atul,Atul,Atul,Atul,Atul,Atul,Atul,Atul,Atul,Atul,Atul,Atul,Atul,Atul,Atul,Atul,Atul,Atul,Atul,Atul,Atul,Atul,Atul,Atul,Atul,Atul,Atul,Atul,Atul,Atul,Atul,Atul,Atul,Atul,Atul,Atul,Atul,Atul,Atul,Atul,Atul,Atul,Atul,Atul,Atul,Atul,Atul,Atul,Atul,Atul,Atul,Atul,Atul,Atul,Atul,Atul,Atul,Atul,Atul,Atul,Atul,Atul,Atul,Atul,Atul,Atul,Atul,Atul,Atul,Atul,Atul,Atul,Atul,Atul,Atul,Atul,Atul,Atul,Atul,Atul,Atul,Atul,Atul,Atul,Atul,Atul,Atul,Atul,Atul,Atul,Atul,Atul
Atul,Atul,Atul,Atul,Atul,Atul,Atul,Atul,Atul,Atul,Atul,Atul,Atul,Atul,Atul,Atul,Atul,Atul,Atul,Atul,Atul,Atul,Atul,Atul,Atul,Atul,Atul,Atul,Atul,Atul,Atul,Atul,Atul,Atul,Atul,Atul,Atul,Atul,Atul,Atul,Atul,Atul,Atul,Atul,Atul,Atul,Atul,Atul,Atul,Atul,Atul,Atul,Atul,Atul,Atul,Atul,Atul,Atul,Atul,Atul,Atul,Atul,Atul,Atul,Atul,Atul,Atul,Atul,Atul,Atul,Atul,Atul,Atul,Atul,Atul,Atul,Atul,Atul,Atul,Atul,Atul,Atul,Atul,Atul,Atul,Atul,Atul,Atul,Atul,Atul,Atul,Atul,Atul,Atul,Atul,Atul,Atul,Atul,Atul,Atul
Atul,Atul,Atul,Atul,Atul,Atul,Atul,Atul,Atul,Atul,Atul,Atul,Atul,Atul,Atul,Atul,Atul,Atul,Atul,Atul,Atul,Atul,Atul,Atul,Atul,Atul,Atul,Atul,Atul,Atul,Atul,Atul,Atul,Atul,Atul,Atul,Atul,Atul,Atul,Atul,Atul,Atul,Atul,Atul,Atul,Atul,Atul,Atul,Atul,Atul,Atul,Atul,Atul,Atul,Atul,Atul,Atul,Atul,Atul,Atul,Atul,Atul,Atul,Atul,Atul,Atul,Atul,Atul,Atul,Atul,Atul,Atul,Atul,Atul,Atul,Atul,Atul,Atul,Atul,Atul,Atul,Atul,Atul,Atul,Atul,Atul,Atul,Atul,Atul,Atul,Atul,Atul,Atul,Atul,Atul,Atul,Atul,Atul,Atul,Atul
Atul,Atul,Atul,Atul,Atul,Atul,Atul,Atul,Atul,Atul,Atul,Atul,Atul,Atul,Atul,Atul,Atul,Atul,Atul,Atul,Atul,Atul,Atul,Atul,Atul,Atul,Atul,Atul,Atul,Atul,Atul,Atul,Atul,Atul,Atul,Atul,Atul,Atul,Atul,Atul,Atul,Atul,Atul,Atul,Atul,Atul,Atul,Atul,Atul,Atul,Atul,Atul,Atul,Atul,Atul,Atul,Atul,Atul,Atul,Atul,Atul,Atul,Atul,Atul,Atul,Atul,Atul,Atul,Atul,Atul,Atul,Atul,Atul,Atul,Atul,Atul,Atul,Atul,Atul,Atul,Atul,Atul,Atul,Atul,Atul,Atul,Atul,Atul,Atul,Atul,Atul,Atul,Atul,Atul,Atul,Atul,Atul,Atul,Atul,Atul
